model,level_requested_pct,utilization_actual_pct,used_blocks,total_blocks,ppl,ppl_stderr,chunks,ctx
smollm2-135m-q8_0-fresh.gguf,pristine,0.00,0,0,18.1160,0.61214,30,512
smollm2-135m-q8_0-fresh.gguf,0,0.22,28,12960,34167762.7514,1606453.01305,30,512
smollm2-135m-q8_0-fresh.gguf,10,9.98,1294,12960,33199042.5822,1579824.36503,30,512
smollm2-135m-q8_0-fresh.gguf,25,25.00,3240,12960,29936326.6780,1441057.02000,30,512
smollm2-135m-q8_0-fresh.gguf,50,50.02,6483,12960,29716432.6525,1433818.13594,30,512
smollm2-135m-q8_0-fresh.gguf,95,95.06,12320,12960,72719821.4027,3398694.34798,30,512
